Location,x,y
Mayaguez,18.201819,-67.14837
Hormigueros,18.133332,-67.111634
Aguadilla,18.451758,-67.097175
Ponce,17.986841,-66.609358
Arecibo,18.438373,-66.668406
Caguas,18.2392285,-66.0770616
Sanjuan,18.4076012,-66.0549193
